{"Q664": {"indegrees": {"mean": 0.5179431271009358, "std": 1.758302336604119, "min": 0, "max": 69}, "outdegrees": {"mean": 18.429393416310834, "std": 12.907336467627061, "min": 2, "max": 318}, "num_people": 33021}, "Q219": {"indegrees": {"mean": 0.276770808490341, "std": 1.002240213919814, "min": 0, "max": 26}, "outdegrees": {"mean": 19.570176484617217, "std": 18.57120035448928, "min": 2, "max": 272}, "num_people": 16772}, "Q846": {"indegrees": {"mean": 0.24225352112676057, "std": 1.3142407406785992, "min": 0, "max": 19}, "outdegrees": {"mean": 15.861032863849765, "std": 14.853002189812104, "min": 3, "max": 224}, "num_people": 1065}, "Q211": {"indegrees": {"mean": 0.2037037037037037, "std": 1.0373407639386965, "min": 0, "max": 55}, "outdegrees": {"mean": 20.36972437553833, "std": 19.125110456337172, "min": 3, "max": 282}, "num_people": 9288}, "Q145": {"indegrees": {"mean": 0.8050865133698267, "std": 2.2114839531019865, "min": 0, "max": 219}, "outdegrees": {"mean": 24.89997543418912, "std": 21.969427766135453, "min": 2, "max": 606}, "num_people": 215747}, "Q55": {"indegrees": {"mean": 0.509079324625677, "std": 1.4959317496786984, "min": 0, "max": 14}, "outdegrees": {"mean": 18.772857597961135, "std": 20.587833479366275, "min": 3, "max": 333}, "num_people": 3139}, "Q36": {"indegrees": {"mean": 0.41791216575172657, "std": 1.624541628528402, "min": 0, "max": 348}, "outdegrees": {"mean": 22.901000531255534, "std": 16.776814958764252, "min": 2, "max": 478}, "num_people": 112940}, "Q23681": {"indegrees": {"mean": 0.1085972850678733, "std": 0.40019036849148826, "min": 0, "max": 2}, "outdegrees": {"mean": 19.018099547511312, "std": 13.523555384381512, "min": 4, "max": 90}, "num_people": 221}, "Q851": {"indegrees": {"mean": 0.658281665190434, "std": 4.409865446514216, "min": 0, "max": 86}, "outdegrees": {"mean": 14.358547387068201, "std": 11.467042156427482, "min": 3, "max": 235}, "num_people": 5645}, "Q215": {"indegrees": {"mean": 0.06955424326126297, "std": 0.4675342210145113, "min": 0, "max": 27}, "outdegrees": {"mean": 15.051909705686256, "std": 12.358411207555983, "min": 2, "max": 300}, "num_people": 41996}, "Q804": {"indegrees": {"mean": 0.16855203619909503, "std": 0.5930267353422571, "min": 0, "max": 9}, "outdegrees": {"mean": 19.81447963800905, "std": 12.007519074395992, "min": 3, "max": 150}, "num_people": 1768}, "Q884": {"indegrees": {"mean": 0.21162338809397632, "std": 0.8259201843357364, "min": 0, "max": 29}, "outdegrees": {"mean": 16.48295354177707, "std": 10.956189393679177, "min": 2, "max": 268}, "num_people": 39627}, "Q778": {"indegrees": {"mean": 0.09544468546637744, "std": 0.42123780475528655, "min": 0, "max": 4}, "outdegrees": {"mean": 19.039045553145336, "std": 15.691390428488793, "min": 3, "max": 248}, "num_people": 461}, "Q159": {"indegrees": {"mean": 0.31327029744354445, "std": 1.6989364812003651, "min": 0, "max": 184}, "outdegrees": {"mean": 22.75969543950023, "std": 20.53745942549233, "min": 3, "max": 603}, "num_people": 88521}, "Q77": {"indegrees": {"mean": 0.11001714696609326, "std": 0.6902710593988262, "min": 0, "max": 58}, "outdegrees": {"mean": 15.772940981248963, "std": 11.125607027934763, "min": 3, "max": 247}, "num_people": 18079}, "Q20": {"indegrees": {"mean": 0.4545618355456784, "std": 1.2386399171229572, "min": 0, "max": 47}, "outdegrees": {"mean": 18.576310889542917, "std": 13.60136959688604, "min": 3, "max": 418}, "num_people": 66596}, "Q189": {"indegrees": {"mean": 0.13964567515259788, "std": 0.6294130910382256, "min": 0, "max": 19}, "outdegrees": {"mean": 15.609647163912461, "std": 17.751827022636927, "min": 2, "max": 302}, "num_people": 6717}, "Q334": {"indegrees": {"mean": 0.24444444444444444, "std": 1.0629039153595896, "min": 0, "max": 33}, "outdegrees": {"mean": 19.369392033542976, "std": 18.21766329759409, "min": 2, "max": 237}, "num_people": 2385}, "Q29": {"indegrees": {"mean": 0.3715172042670381, "std": 1.4959268681266835, "min": 0, "max": 136}, "outdegrees": {"mean": 20.90451710930328, "std": 16.526438440541135, "min": 2, "max": 679}, "num_people": 157955}, "Q213": {"indegrees": {"mean": 0.32113466937748086, "std": 1.0079778088226257, "min": 0, "max": 38}, "outdegrees": {"mean": 23.45064059121567, "std": 17.556002582271983, "min": 2, "max": 421}, "num_people": 30987}, "Q224": {"indegrees": {"mean": 0.15823576219165625, "std": 0.8022458967901218, "min": 0, "max": 25}, "outdegrees": {"mean": 22.10674093440946, "std": 21.435026431205234, "min": 2, "max": 422}, "num_people": 8797}, "Q763": {"indegrees": {"mean": 0.16101694915254236, "std": 0.6823481265559547, "min": 0, "max": 7}, "outdegrees": {"mean": 17.072033898305083, "std": 12.291614790919152, "min": 4, "max": 99}, "num_people": 236}, "Q218": {"indegrees": {"mean": 0.26298929384325737, "std": 1.184140417977904, "min": 0, "max": 44}, "outdegrees": {"mean": 17.88214797538427, "std": 15.72165984805754, "min": 3, "max": 278}, "num_people": 35587}, "Q37": {"indegrees": {"mean": 0.15363401832577173, "std": 0.9519958316866416, "min": 0, "max": 35}, "outdegrees": {"mean": 17.824481807668356, "std": 20.466055229425713, "min": 2, "max": 279}, "num_people": 11241}, "Q817": {"indegrees": {"mean": 0.19610091743119265, "std": 1.03741184168353, "min": 0, "max": 18}, "outdegrees": {"mean": 12.0848623853211, "std": 7.731126781481302, "min": 3, "max": 107}, "num_people": 1744}, "Q865": {"indegrees": {"mean": 0.23211917602334012, "std": 1.0960450478894475, "min": 0, "max": 45}, "outdegrees": {"mean": 13.004155247104588, "std": 10.660101733084886, "min": 2, "max": 285}, "num_people": 22622}, "Q298": {"indegrees": {"mean": 0.331266899690035, "std": 1.1426352889145017, "min": 0, "max": 38}, "outdegrees": {"mean": 19.910505836575876, "std": 14.623502823295778, "min": 3, "max": 310}, "num_people": 15163}, "Q214": {"indegrees": {"mean": 0.16750079863699285, "std": 1.031168053442204, "min": 0, "max": 71}, "outdegrees": {"mean": 21.521669683739752, "std": 17.860458835114088, "min": 2, "max": 292}, "num_people": 9391}, "Q229": {"indegrees": {"mean": 0.15196078431372548, "std": 0.7163675242741528, "min": 0, "max": 16}, "outdegrees": {"mean": 17.84607843137255, "std": 11.963622734566021, "min": 3, "max": 214}, "num_people": 3060}, "Q191": {"indegrees": {"mean": 0.2814594823928723, "std": 1.0816633781897351, "min": 0, "max": 92}, "outdegrees": {"mean": 16.63899024183284, "std": 13.007183107316571, "min": 2, "max": 256}, "num_people": 23570}, "Q32": {"indegrees": {"mean": 0.3351489907081064, "std": 1.2421408372525367, "min": 0, "max": 39}, "outdegrees": {"mean": 16.82297340595963, "std": 13.222138920914343, "min": 3, "max": 249}, "num_people": 6242}, "Q801": {"indegrees": {"mean": 0.4124637516347302, "std": 1.395881080453588, "min": 0, "max": 52}, "outdegrees": {"mean": 22.139222152726447, "std": 18.42160792424912, "min": 2, "max": 302}, "num_people": 35174}, "Q142": {"indegrees": {"mean": 0.5480836364972623, "std": 2.0850060209888874, "min": 0, "max": 278}, "outdegrees": {"mean": 23.399034398152466, "std": 21.203349682127293, "min": 3, "max": 679}, "num_people": 353769}, "Q754": {"indegrees": {"mean": 0.09808982963345379, "std": 0.5736256869148295, "min": 0, "max": 13}, "outdegrees": {"mean": 15.213732576148683, "std": 16.27867018845612, "min": 3, "max": 275}, "num_people": 1937}, "Q842": {"indegrees": {"mean": 0.2947845804988662, "std": 1.2174822581181763, "min": 0, "max": 12}, "outdegrees": {"mean": 15.605442176870747, "std": 10.489531217708988, "min": 2, "max": 142}, "num_people": 441}, "Q347": {"indegrees": {"mean": 0.91129883843717, "std": 3.0477628859032415, "min": 0, "max": 52}, "outdegrees": {"mean": 19.799366420274552, "std": 13.816869829669214, "min": 4, "max": 174}, "num_people": 947}, "Q398": {"indegrees": {"mean": 0.2049586776859504, "std": 1.1738086092651683, "min": 0, "max": 20}, "outdegrees": {"mean": 12.332231404958678, "std": 7.463544622136122, "min": 3, "max": 103}, "num_people": 1210}, "Q33": {"indegrees": {"mean": 0.23491192010042625, "std": 1.0006873312969822,