{"Q1036": {"indegrees": {"mean": 0.086993006993007, "std": 0.6698178804407142, "min": 0, "max": 22}, "outdegrees": {"mean": 13.586853146853146, "std": 8.81988823958976, "min": 2, "max": 149}, "num_people": 3575}, "Q945": {"indegrees": {"mean": 0.1765834932821497, "std": 0.9586001456238676, "min": 0, "max": 21}, "outdegrees": {"mean": 14.933781190019193, "std": 11.354877147323833, "min": 2, "max": 92}, "num_people": 1042}, "Q889": {"indegrees": {"mean": 0.18241536129358263, "std": 0.9211314237581808, "min": 0, "max": 12}, "outdegrees": {"mean": 13.109146033350177, "std": 9.363859881649846, "min": 3, "max": 104}, "num_people": 1979}, "Q958": {"indegrees": {"mean": 0.042283298097251586, "std": 0.3595696689147999, "min": 0, "max": 7}, "outdegrees": {"mean": 9.134249471458773, "std": 7.124085217572531, "min": 4, "max": 71}, "num_people": 946}, "Q1045": {"indegrees": {"mean": 0.10292397660818714, "std": 0.46508842152270247, "min": 0, "max": 5}, "outdegrees": {"mean": 14.19766081871345, "std": 10.837642615080437, "min": 3, "max": 126}, "num_people": 855}, "Q805": {"indegrees": {"mean": 0.16275954454119224, "std": 0.914074451891711, "min": 0, "max": 16}, "outdegrees": {"mean": 12.06363027461487, "std": 7.43243534741546, "min": 2, "max": 101}, "num_people": 1493}, "Q1037": {"indegrees": {"mean": 0.14769520225776106, "std": 0.7269906354626302, "min": 0, "max": 10}, "outdegrees": {"mean": 13.235183443085607, "std": 9.459484538393513, "min": 2, "max": 116}, "num_people": 1063}, "Q912": {"indegrees": {"mean": 0.21521997621878716, "std": 0.7468086555601107, "min": 0, "max": 15}, "outdegrees": {"mean": 19.387633769322235, "std": 13.741741932272484, "min": 4, "max": 142}, "num_people": 1682}, "Q929": {"indegrees": {"mean": 0.3194805194805195, "std": 1.4010236481257274, "min": 0, "max": 17}, "outdegrees": {"mean": 18.992207792207793, "std": 13.102688989746236, "min": 4, "max": 165}, "num_people": 385}, "Q965": {"indegrees": {"mean": 0.16186440677966102, "std": 0.7951568965236074, "min": 0, "max": 13}, "outdegrees": {"mean": 16.154237288135594, "std": 11.088623304592504, "min": 2, "max": 113}, "num_people": 1180}, "Q858": {"indegrees": {"mean": 0.5014277555682467, "std": 1.7209274641100365, "min": 0, "max": 27}, "outdegrees": {"mean": 17.741005139920045, "std": 13.261527120194483, "min": 2, "max": 227}, "num_people": 3502}, "Q1007": {"indegrees": {"mean": 0.07784431137724551, "std": 0.3281961582286161, "min": 0, "max": 3}, "outdegrees": {"mean": 20.29940119760479, "std": 12.213428836850564, "min": 2, "max": 81}, "num_people": 334}, "Q115": {"indegrees": {"mean": 0.19960278053624628, "std": 1.0713752501462004, "min": 0, "max": 17}, "outdegrees": {"mean": 13.576961271102284, "std": 10.554572116083829, "min": 2, "max": 125}, "num_people": 2014}, "Q1032": {"indegrees": {"mean": 0.06216505894962487, "std": 0.35622533811092366, "min": 0, "max": 6}, "outdegrees": {"mean": 12.543408360128618, "std": 9.536160769978872, "min": 3, "max": 74}, "num_people": 933}, "Q1020": {"indegrees": {"mean": 0.10330578512396695, "std": 0.6441643807838684, "min": 0, "max": 11}, "outdegrees": {"mean": 12.52754820936639, "std": 9.905681164517425, "min": 2, "max": 157}, "num_people": 726}, "Q1044": {"indegrees": {"mean": 0.11624441132637854, "std": 0.5135031143623423, "min": 0, "max": 5}, "outdegrees": {"mean": 16.493293591654247, "std": 13.119973727594148, "min": 4, "max": 198}, "num_people": 671}, "Q967": {"indegrees": {"mean": 0.15367483296213807, "std": 0.7817467115328696, "min": 0, "max": 8}, "outdegrees": {"mean": 14.906458797327394, "std": 8.838072035460087, "min": 3, "max": 79}, "num_people": 449}, "Q657": {"indegrees": {"mean": 0.08928571428571429, "std": 0.5326300103178158, "min": 0, "max": 7}, "outdegrees": {"mean": 12.077380952380953, "std": 9.601740308408337, "min": 3, "max": 105}, "num_people": 672}, "Q974": {"indegrees": {"mean": 0.12962096396817968, "std": 0.818908215783539, "min": 0, "max": 26}, "outdegrees": {"mean": 13.669162377164248, "std": 11.385759353281832, "min": 2, "max": 108}, "num_people": 4274}, "Q423": {"indegrees": {"mean": 0.2039775624681285, "std": 1.0115117547973387, "min": 0, "max": 20}, "outdegrees": {"mean": 14.041815400305966, "std": 11.366334500988454, "min": 2, "max": 259}, "num_people": 1961}, "Q1005": {"indegrees": {"mean": 0.0551128818061089, "std": 0.2707836627985048, "min": 0, "max": 3}, "outdegrees": {"mean": 10.958167330677291, "std": 8.32109451368024, "min": 3, "max": 76}, "num_people": 1506}, "Q1029": {"indegrees": {"mean": 0.09152542372881356, "std": 0.5436707634875615, "min": 0, "max": 10}, "outdegrees": {"mean": 12.533333333333333, "std": 8.91195265855491, "min": 4, "max": 115}, "num_people": 1770}, "Q986": {"indegrees": {"mean": 0.1515837104072398, "std": 0.6501720819946344, "min": 0, "max": 7}, "outdegrees": {"mean": 16.013574660633484, "std": 11.887283459070074, "min": 2, "max": 93}, "num_people": 442}, "Q1014": {"indegrees": {"mean": 0.11213235294117647, "std": 0.44999984981735286, "min": 0, "max": 5}, "outdegrees": {"mean": 19.579044117647058, "std": 13.47441755691331, "min": 3, "max": 163}, "num_people": 544}, "Q1049": {"indegrees": {"mean": 0.12148823082763857, "std": 0.7103539938358377, "min": 0, "max": 14}, "outdegrees": {"mean": 12.690964312832195, "std": 10.653271622402455, "min": 2, "max": 107}, "num_people": 1317}}