{"Q750": {"indegrees": {"mean": 0.19542772861356933, "std": 1.154129322287783, "min": 0, "max": 41}, "outdegrees": {"mean": 18.589233038348084, "std": 12.93611494666172, "min": 3, "max": 242}, "num_people": 2712}, "Q819": {"indegrees": {"mean": 0.6882352941176471, "std": 1.50582490699252, "min": 0, "max": 9}, "outdegrees": {"mean": 14.547058823529412, "std": 9.280949345904526, "min": 3, "max": 79}, "num_people": 340}, "Q902": {"indegrees": {"mean": 0.204214172319238, "std": 1.2113880275983466, "min": 0, "max": 23}, "outdegrees": {"mean": 13.799538172896522, "std": 12.76883834091575, "min": 2, "max": 262}, "num_people": 6929}, "Q863": {"indegrees": {"mean": 0.15, "std": 0.6593729803932878, "min": 0, "max": 9}, "outdegrees": {"mean": 15.360909090909091, "std": 13.93157692212874, "min": 3, "max": 209}, "num_people": 1100}, "Q928": {"indegrees": {"mean": 0.36944379799860366, "std": 1.2659049081068103, "min": 0, "max": 31}, "outdegrees": {"mean": 16.904584593902722, "std": 14.656821151134432, "min": 2, "max": 262}, "num_people": 8594}, "Q1025": {"indegrees": {"mean": 0.08120649651972157, "std": 0.5537423253893754, "min": 0, "max": 10}, "outdegrees": {"mean": 14.587006960556845, "std": 10.45046732810651, "min": 3, "max": 102}, "num_people": 431}, "Q1009": {"indegrees": {"mean": 0.10725741780272655, "std": 0.6229404367881364, "min": 0, "max": 21}, "outdegrees": {"mean": 15.222534081796312, "std": 12.050024267089718, "min": 2, "max": 153}, "num_people": 4988}, "Q574": {"indegrees": {"mean": 0.06281661600810537, "std": 0.3847463536459673, "min": 0, "max": 8}, "outdegrees": {"mean": 10.533941236068896, "std": 7.024173989274648, "min": 3, "max": 118}, "num_people": 987}, "Q117": {"indegrees": {"mean": 0.12123974475843209, "std": 0.756542484259565, "min": 0, "max": 31}, "outdegrees": {"mean": 16.16453965360073, "std": 12.277746428468337, "min": 2, "max": 277}, "num_people": 6582}, "Q962": {"indegrees": {"mean": 0.17160161507402422, "std": 2.012952938949489, "min": 0, "max": 74}, "outdegrees": {"mean": 14.439434724091521, "std": 12.194146410434692, "min": 3, "max": 224}, "num_people": 1486}, "Q977": {"indegrees": {"mean": 0.06, "std": 0.31048349392520047, "min": 0, "max": 3}, "outdegrees": {"mean": 14.346666666666666, "std": 9.205061409656947, "min": 4, "max": 84}, "num_people": 150}, "Q822": {"indegrees": {"mean": 0.4550813487385051, "std": 1.71705819535835, "min": 0, "max": 49}, "outdegrees": {"mean": 19.275878330582408, "std": 15.343133571220076, "min": 2, "max": 204}, "num_people": 4241}, "Q1041": {"indegrees": {"mean": 0.20655172413793105, "std": 0.8624894836423103, "min": 0, "max": 18}, "outdegrees": {"mean": 20.178275862068965, "std": 15.00214733341715, "min": 3, "max": 260}, "num_people": 2900}, "Q813": {"indegrees": {"mean": 0.06602254428341385, "std": 0.3937782542261789, "min": 0, "max": 9}, "outdegrees": {"mean": 12.18840579710145, "std": 14.094285483408681, "min": 2, "max": 239}, "num_people": 1863}, "Q971": {"indegrees": {"mean": 0.2090628218331617, "std": 1.3037852864998043, "min": 0, "max": 35}, "outdegrees": {"mean": 18.737384140061792, "std": 12.153753788823291, "min": 3, "max": 102}, "num_people": 971}, "Q1013": {"indegrees": {"mean": 0.16620498614958448, "std": 0.791274614004128, "min": 0, "max": 7}, "outdegrees": {"mean": 13.650969529085872, "std": 8.381159150135652, "min": 2, "max": 84}, "num_people": 361}, "Q881": {"indegrees": {"mean": 0.44097348347257537, "std": 4.646714668135996, "min": 0, "max": 170}, "outdegrees": {"mean": 15.339084634943697, "std": 15.476156795720932, "min": 3, "max": 238}, "num_people": 5506}, "Q970": {"indegrees": {"mean": 0.125, "std": 0.6293963027237711, "min": 0, "max": 9}, "outdegrees": {"mean": 16.22426470588235, "std": 9.138501263429113, "min": 3, "max": 60}, "num_people": 272}, "Q702": {"indegrees": {"mean": 0.16455696202531644, "std": 0.448072658745009, "min": 0, "max": 3}, "outdegrees": {"mean": 10.69620253164557, "std": 6.529106070938288, "min": 3, "max": 35}, "num_people": 158}, "Q948": {"indegrees": {"mean": 0.20470626954089188, "std": 1.1937074746694185, "min": 0, "max": 62}, "outdegrees": {"mean": 17.573638308375845, "std": 15.559714192501904, "min": 4, "max": 254}, "num_people": 6077}, "Q114": {"indegrees": {"mean": 0.11792883211678833, "std": 0.8357367583406283, "min": 0, "max": 26}, "outdegrees": {"mean": 14.968521897810218, "std": 12.311587844809841, "min": 3, "max": 499}, "num_people": 4384}, "Q424": {"indegrees": {"mean": 0.45229244114002476, "std": 1.5883377870058357, "min": 0, "max": 18}, "outdegrees": {"mean": 15.136307311028501, "std": 20.079057076473514, "min": 2, "max": 457}, "num_people": 807}, "Q683": {"indegrees": {"mean": 0.43478260869565216, "std": 1.605685993675531, "min": 0, "max": 10}, "outdegrees": {"mean": 17.056265984654733, "std": 9.400816494486621, "min": 3, "max": 88}, "num_people": 391}, "Q783": {"indegrees": {"mean": 0.13597359735973596, "std": 0.7017138091344387, "min": 0, "max": 20}, "outdegrees": {"mean": 17.91155115511551, "std": 11.067692937864472, "min": 2, "max": 171}, "num_people": 1515}, "Q1011": {"indegrees": {"mean": 0.09172259507829977, "std": 0.34511410297985823, "min": 0, "max": 3}, "outdegrees": {"mean": 22.06711409395973, "std": 13.673238986373399, "min": 3, "max": 182}, "num_people": 447}, "Q837": {"indegrees": {"mean": 0.30736268017140633, "std": 1.4383162857871563, "min": 0, "max": 18}, "outdegrees": {"mean": 12.224776003116478, "std": 9.571767834648197, "min": 2, "max": 155}, "num_people": 2567}, "Q843": {"indegrees": {"mean": 0.24452195689115463, "std": 1.0944762550875664, "min": 0, "max": 42}, "outdegrees": {"mean": 14.137107593238529, "std": 12.524030435413245, "min": 3, "max": 386}, "num_people": 11181}, "Q691": {"indegrees": {"mean": 0.10582639714625446, "std": 0.6428805665861692, "min": 0, "max": 11}, "outdegrees": {"mean": 13.17360285374554, "std": 12.424547735226204, "min": 3, "max": 219}, "num_people": 841}, "Q1039": {"indegrees": {"mean": 0.075, "std": 0.26339134382131846, "min": 0, "max": 1}, "outdegrees": {"mean": 13.895, "std": 6.8047024181811215, "min": 4, "max": 43}, "num_people": 200}, "Q836": {"indegrees": {"mean": 0.25732788002726653, "std": 1.151259268836939, "min": 0, "max": 15}, "outdegrees": {"mean": 10.334014996591684, "std": 8.495130031654439, "min": 3, "max": 246}, "num_people": 2934}, "Q685": {"indegrees": {"mean": 0.0695970695970696, "std": 0.36150710011649306, "min": 0, "max": 3}, "outdegrees": {"mean": 13.300366300366301, "std": 7.032986111085235, "min": 3, "max": 45}, "num_people": 273}, "Q854": {"indegrees": {"mean": 0.13118114271073533, "std": 0.6519320809003984, "min": 0, "max": 11}, "outdegrees": {"mean": 13.210094798872662, "std": 10.473564225965296, "min": 2, "max": 229}, "num_people": 3903}, "Q686": {"indegrees": {"mean": 0.1111111111111111, "std": 0.42785116552164376, "min": 0, "max": 3}, "outdegrees": {"mean": 14.486590038314176, "std": 8.98939414788937, "min": 3, "max": 105}, "num_people": 261}, "Q953": {"indegrees": {"mean": 0.09365079365079365, "std": 0.6191066312938899, "min": 0, "max": 10}, "outdegrees": {"mean": 16.227777777777778, "std": 11.431911190803874, "min": 2, "max": 139}, "num_people": 1260}, "Q79": {"indegrees": {"mean": 0.34121959346884373, "std": 1.446835374612085, "min": 0, "max": 72}, "outdegrees": {"mean": 17.790236587804067, "std": 14.49590542943999, "min": 3, "max": 242}, "num_people": 12004}, "Q924": {"indegrees": {"mean": 0.12487512487512488, "std": 1.1041609655990638, "min": 0, "max": 31}, "outdegrees": {"mean": 14.63036963036963, "std": 9.436587708258802, "min": 2, "max": 164}, "num_people": 2002}, "Q917": {"indegrees": {"mean": 0.6809116809116809, "std": 2.6008228526215045, "min": 0, "max": 34}, "outdegrees": {"mean": 13.253561253561253, "std": 9.75576870010809, "min": 3, "max": 92}, "num_people": 351}, "Q1006": {"indegrees": {"mean": 0.2467289719626168, "std": 0.9551615241076783, "min": 0, "max": 27}, "outdegrees": {"mean": 15.695327102803738, "std": 12.557109786945997, "min": 2,