{"Q96": {"indegrees": {"mean": 0.23638351030605873, "std": 1.0451370571175438, "min": 0, "max": 52}, "outdegrees": {"mean": 17.8868519675203, "std": 13.775891034251849, "min": 3, "max": 331}, "num_people": 32020}, "Q784": {"indegrees": {"mean": 0.1583011583011583, "std": 0.830196637891425, "min": 0, "max": 10}, "outdegrees": {"mean": 15.324324324324325, "std": 12.327380573428796, "min": 4, "max": 132}, "num_people": 259}, "Q983": {"indegrees": {"mean": 0.18845500848896435, "std": 0.7883720886630213, "min": 0, "max": 14}, "outdegrees": {"mean": 20.741935483870968, "std": 12.23363216082746, "min": 4, "max": 97}, "num_people": 589}, "Q262": {"indegrees": {"mean": 0.13089494163424126, "std": 0.7865520832241297, "min": 0, "max": 24}, "outdegrees": {"mean": 18.46272373540856, "std": 16.606872715085153, "min": 2, "max": 354}, "num_people": 6425}, "Q711": {"indegrees": {"mean": 0.1881377551020408, "std": 1.2078345868482148, "min": 0, "max": 32}, "outdegrees": {"mean": 14.64859693877551, "std": 18.73008086351653, "min": 2, "max": 240}, "num_people": 1568}, "Q155": {"indegrees": {"mean": 0.18813440275512053, "std": 0.9938446363491591, "min": 0, "max": 42}, "outdegrees": {"mean": 16.03747507703462, "std": 12.012141930064738, "min": 2, "max": 274}, "num_people": 88272}, "Q43": {"indegrees": {"mean": 0.14219253647027547, "std": 0.8359340298161227, "min": 0, "max": 80}, "outdegrees": {"mean": 18.363340311700394, "std": 12.501586962076487, "min": 2, "max": 275}, "num_people": 30093}, "Q766": {"indegrees": {"mean": 0.17909454061251665, "std": 0.9626249788556978, "min": 0, "max": 24}, "outdegrees": {"mean": 22.615179760319574, "std": 19.907803037300404, "min": 3, "max": 432}, "num_people": 3004}, "Q796": {"indegrees": {"mean": 0.2446319018404908, "std": 1.2561085171413469, "min": 0, "max": 44}, "outdegrees": {"mean": 14.242331288343559, "std": 10.834219366849696, "min": 3, "max": 266}, "num_people": 5216}, "Q403": {"indegrees": {"mean": 0.19670075245996527, "std": 1.0757498838629331, "min": 0, "max": 36}, "outdegrees": {"mean": 23.89822496623577, "std": 22.705467674825947, "min": 3, "max": 298}, "num_people": 10366}, "Q1016": {"indegrees": {"mean": 0.14271653543307086, "std": 0.9382017595885672, "min": 0, "max": 10}, "outdegrees": {"mean": 12.790354330708661, "std": 9.208025934299556, "min": 2, "max": 100}, "num_people": 1016}, "Q800": {"indegrees": {"mean": 0.22807017543859648, "std": 0.7215909829898984, "min": 0, "max": 11}, "outdegrees": {"mean": 19.40740740740741, "std": 14.903343676257844, "min": 3, "max": 208}, "num_people": 2565}, "Q794": {"indegrees": {"mean": 0.23597409068261085, "std": 1.159575431866637, "min": 0, "max": 52}, "outdegrees": {"mean": 14.725909317389139, "std": 12.872261977147557, "min": 2, "max": 264}, "num_people": 20070}, "Q414": {"indegrees": {"mean": 0.2159725411520147, "std": 0.9844367390719194, "min": 0, "max": 49}, "outdegrees": {"mean": 19.560416717024, "std": 14.974610289915502, "min": 3, "max": 420}, "num_people": 41371}, "Q672": {"indegrees": {"mean": 0.014598540145985401, "std": 0.1199392461690145, "min": 0, "max": 1}, "outdegrees": {"mean": 14.204379562043796, "std": 5.975788969846327, "min": 4, "max": 33}, "num_people": 137}, "Q792": {"indegrees": {"mean": 0.28179271708683473, "std": 0.9594753069239557, "min": 0, "max": 12}, "outdegrees": {"mean": 17.692436974789917, "std": 14.151523913528164, "min": 3, "max": 227}, "num_people": 1785}, "Q963": {"indegrees": {"mean": 0.09261083743842365, "std": 0.5207938060825786, "min": 0, "max": 6}, "outdegrees": {"mean": 13.880788177339902, "std": 11.08331970726534, "min": 2, "max": 195}, "num_people": 1015}, "Q252": {"indegrees": {"mean": 0.06963478124969476, "std": 0.5551222885918309, "min": 0, "max": 28}, "outdegrees": {"mean": 9.49188782636725, "std": 5.792786892020102, "min": 2, "max": 247}, "num_people": 102377}, "Q678": {"indegrees": {"mean": 0.6069114470842333, "std": 1.6655951163204197, "min": 0, "max": 11}, "outdegrees": {"mean": 15.695464362850972, "std": 7.609823774104106, "min": 3, "max": 55}, "num_people": 463}, "Q225": {"indegrees": {"mean": 0.06616541353383458, "std": 0.3404745070215917, "min": 0, "max": 7}, "outdegrees": {"mean": 20.94857142857143, "std": 18.620985862744675, "min": 4, "max": 280}, "num_people": 3325}, "Q760": {"indegrees": {"mean": 0.10740740740740741, "std": 0.6437309801150983, "min": 0, "max": 8}, "outdegrees": {"mean": 15.459259259259259, "std": 14.849747703537275, "min": 4, "max": 204}, "num_people": 270}, "Q826": {"indegrees": {"mean": 0.14685314685314685, "std": 0.5149246934966459, "min": 0, "max": 5}, "outdegrees": {"mean": 15.825174825174825, "std": 7.742638900095258, "min": 4, "max": 60}, "num_people": 286}, "Q774": {"indegrees": {"mean": 0.21863220247711362, "std": 0.9303230531356479, "min": 0, "max": 25}, "outdegrees": {"mean": 17.874528809908455, "std": 15.055842297864764, "min": 3, "max": 242}, "num_people": 1857}, "Q148": {"indegrees": {"mean": 0.1944536214703539, "std": 1.0952845260156787, "min": 0, "max": 59}, "outdegrees": {"mean": 14.447402685737606, "std": 13.734375495106022, "min": 2, "max": 327}, "num_people": 51457}, "Q1246": {"indegrees": {"mean": 0.07849293563579278, "std": 0.3760393304570224, "min": 0, "max": 5}, "outdegrees": {"mean": 19.43485086342229, "std": 15.853258919993442, "min": 4, "max": 217}, "num_people": 637}, "Q258": {"indegrees": {"mean": 0.18127744732892323, "std": 0.9698854944114493, "min": 0, "max": 32}, "outdegrees": {"mean": 17.68236144310412, "std": 13.921032768146484, "min": 3, "max": 385}, "num_people": 17989}, "Q786": {"indegrees": {"mean": 0.1657902876585215, "std": 0.7380633584798387, "min": 0, "max": 13}, "outdegrees": {"mean": 20.026600680482524, "std": 14.767480347871436, "min": 3, "max": 367}, "num_people": 3233}, "Q222": {"indegrees": {"mean": 0.09718512430655435, "std": 0.663565193803573, "min": 0, "max": 22}, "outdegrees": {"mean": 16.31641668378878, "std": 14.943333263410853, "min": 2, "max": 365}, "num_people": 4867}, "Q869": {"indegrees": {"mean": 0.21879292975547213, "std": 1.6014779238280714, "min": 0, "max": 66}, "outdegrees": {"mean": 12.390145617730562, "std": 11.632133425987394, "min": 2, "max": 335}, "num_people": 10919}, "Q399": {"indegrees": {"mean": 0.25165971900571255, "std": 0.9276593665056486, "min": 0, "max": 27}, "outdegrees": {"mean": 20.31279913540219, "std": 21.91226441827362, "min": 2, "max": 321}, "num_people": 6477}, "Q242": {"indegrees": {"mean": 0.18063314711359404, "std": 0.5551160140627062, "min": 0, "max": 5}, "outdegrees": {"mean": 16.24581005586592, "std": 9.111512053678627, "min": 3, "max": 108}, "num_people": 537}, "Q769": {"indegrees": {"mean": 0.0989399293286219, "std": 0.44969436805464413, "min": 0, "max": 4}, "outdegrees": {"mean": 16.71731448763251, "std": 9.876514091379136, "min": 3, "max": 69}, "num_people": 283}, "Q230": {"indegrees": {"mean": 0.24350836699365264, "std": 1.1151890193297407, "min": 0, "max": 16}, "outdegrees": {"mean": 21.149644162338912, "std": 25.74116795722034, "min": 2, "max": 285}, "num_people": 5199}, "Q184": {"indegrees": {"mean": 0.19184486855215757, "std": 0.8301262251184071, "min": 0, "max": 33}, "outdegrees": {"mean": 19.212615927033035, "std": 15.780615896698395, "min": 2, "max": 279}, "num_people": 13047}, "Q874": {"indegrees": {"mean": 0.07721280602636535, "std": 0.43792498853101, "min": 0, "max": 5}, "outdegrees": {"mean": 19.15442561205273, "std": 16.398023461563074, "min": 3, "max": 198}, "num_people": 531}, "Q1030": {"indegrees": {"mean": 0.07633587786259542, "std": 0.4096790889078323, "min": 0, "max": 7}, "outdegrees": {"mean": 14.786259541984732, "std": 7.43843190565597, "min": 3, "max": 79}, "num_people": 1048}, "Q736": {"indegrees": {"mean": 0.22753430721558213, "std": 0.8771476182852436, "min": 0, "max": 21}, "outdegrees": {"mean": 17.55245683930943, "std": 12.950129662842624, "min": 3, "max": 242}, "num_people": 4518}, "Q739": {"indegrees": {"mean": 0.2191441615723903, "std": 0.9079503766380225, "min": 0, "max": 29},