{"lower-middle_income": {"indegrees": {"mean": 0.2140951712410771, "std": 0.14811535718501534, "min": 0.06, "max": 0.6882352941176471}, "outdegrees": {"mean": 15.549754369036075, "std": 2.6071319168443465, "min": 10.334014996591684, "max": 22.06711409395973}, "num_of_countries": 48, "num_people": 221494}, "low_income": {"indegrees": {"mean": 0.15068842247315783, "std": 0.09310738701721277, "min": 0.042283298097251586, "max": 0.5014277555682467}, "outdegrees": {"mean": 14.577844091193565, "std": 2.8101032909233736, "min": 9.134249471458773, "max": 20.29940119760479}, "num_of_countries": 25, "num_people": 35315}, "upper-middle_income": {"indegrees": {"mean": 0.1699579579565928, "std": 0.08772480594686001, "min": 0.014598540145985401, "max": 0.6069114470842333}, "outdegrees": {"mean": 17.337083474962956, "std": 2.846487203673015, "min": 9.49188782636725, "max": 23.89822496623577}, "num_of_countries": 52, "num_people": 574448}, "high_income": {"indegrees": {"mean": 0.31945022780409926, "std": 0.21959670308688084, "min": 0.052732502396931925, "max": 1.072192513368984}, "outdegrees": {"mean": 18.61295921031112, "std": 3.368967635927652, "min": 12.0848623853211, "max": 24.89997543418912}, "num_of_countries": 62, "num_people": 3290471}}